<L539>
<SQLName>No1</SQLName>
<SQLContent>
INSERT INTO L539_COUNT
select 1 as L_SELECT, LN as L_VALUE, sum(CNT) as L_COUNT from
(
select L_N1 as LN, count(*) as CNT from L539_NUMBER group by L_N1
union all
select L_N2 as LN, count(*) as CNT from L539_NUMBER group by L_N2
union all
select L_N3 as LN, count(*) as CNT from L539_NUMBER group by L_N3
union all
select L_N4 as LN, count(*) as CNT from L539_NUMBER group by L_N4
union all
select L_N5 as LN, count(*) as CNT from L539_NUMBER group by L_N5
) a group by L_VALUE order by L_COUNT;
</SQLContent>
<SQLName>No2</SQLName>
<SQLContent>
INSERT INTO L539_COUNT
select 2 as L_SELECT, L_N1 || ',' || L_N2 as L_VALUE, sum(CNT) as L_COUNT from
(
select L_N1 as L_N1, L_N2 as L_N2, count(*) as CNT from L539_NUMBER group by L_N1, L_N2
union all
select L_N1 as L_N1, L_N3 as L_N2, count(*) as CNT from L539_NUMBER group by L_N1, L_N3
union all
select L_N1 as L_N1, L_N4 as L_N2, count(*) as CNT from L539_NUMBER group by L_N1, L_N4
union all
select L_N1 as L_N1, L_N5 as L_N2, count(*) as CNT from L539_NUMBER group by L_N1, L_N5
union all
select L_N2 as L_N1, L_N3 as L_N2, count(*) as CNT from L539_NUMBER group by L_N2, L_N3
union all
select L_N2 as L_N1, L_N4 as L_N2, count(*) as CNT from L539_NUMBER group by L_N2, L_N4
union all
select L_N2 as L_N1, L_N5 as L_N2, count(*) as CNT from L539_NUMBER group by L_N2, L_N5
union all
select L_N3 as L_N1, L_N4 as L_N2, count(*) as CNT from L539_NUMBER group by L_N3, L_N4
union all
select L_N3 as L_N1, L_N5 as L_N2, count(*) as CNT from L539_NUMBER group by L_N3, L_N5
union all
select L_N4 as L_N1, L_N5 as L_N2, count(*) as CNT from L539_NUMBER group by L_N4, L_N5
) a group by L_VALUE order by L_COUNT;
</SQLContent>
<SQLName>No3</SQLName>
<SQLContent>
INSERT INTO L539_COUNT
select 3 as L_SELECT, L_N1 || ',' || L_N2 || ',' || L_N3 as L_VALUE, sum(CNT) as L_COUNT from
(
select L_N1 as L_N1, L_N2 as L_N2, L_N3 as L_N3, count(*) as CNT from L539_NUMBER group by L_N1, L_N2, L_N3
union all
select L_N1 as L_N1, L_N2 as L_N2, L_N4 as L_N3, count(*) as CNT from L539_NUMBER group by L_N1, L_N2, L_N4
union all
select L_N1 as L_N1, L_N2 as L_N2, L_N5 as L_N3, count(*) as CNT from L539_NUMBER group by L_N1, L_N2, L_N5
union all
select L_N1 as L_N1, L_N3 as L_N2, L_N4 as L_N3, count(*) as CNT from L539_NUMBER group by L_N1, L_N3, L_N4
union all
select L_N1 as L_N1, L_N3 as L_N2, L_N5 as L_N3, count(*) as CNT from L539_NUMBER group by L_N1, L_N3, L_N5
union all
select L_N1 as L_N1, L_N4 as L_N2, L_N5 as L_N3, count(*) as CNT from L539_NUMBER group by L_N1, L_N4, L_N5
union all
select L_N2 as L_N1, L_N3 as L_N2, L_N4 as L_N3, count(*) as CNT from L539_NUMBER group by L_N2, L_N3, L_N4
union all
select L_N2 as L_N1, L_N3 as L_N2, L_N5 as L_N3, count(*) as CNT from L539_NUMBER group by L_N2, L_N3, L_N5
union all
select L_N2 as L_N1, L_N4 as L_N2, L_N5 as L_N3, count(*) as CNT from L539_NUMBER group by L_N2, L_N4, L_N5
union all
select L_N3 as L_N1, L_N4 as L_N2, L_N5 as L_N3, count(*) as CNT from L539_NUMBER group by L_N3, L_N4, L_N5
) a group by L_VALUE order by L_COUNT;
</SQLContent>
<SQLName>No4</SQLName>
<SQLContent>
INSERT INTO L539_COUNT
select 4 as L_SELECT, L_N1 || ',' || L_N2 || ',' || L_N3 || ',' || L_N4 as L_VALUE, sum(CNT) as L_COUNT from
(
select L_N1 as L_N1, L_N2 as L_N2, L_N3 as L_N3, L_N4 as L_N4, count(*) as CNT from L539_NUMBER group by L_N1, L_N2, L_N3, L_N4
union all
select L_N1 as L_N1, L_N2 as L_N2, L_N3 as L_N3, L_N5 as L_N4, count(*) as CNT from L539_NUMBER group by L_N1, L_N2, L_N3, L_N5
union all
select L_N1 as L_N1, L_N2 as L_N2, L_N4 as L_N3, L_N5 as L_N4, count(*) as CNT from L539_NUMBER group by L_N1, L_N2, L_N4, L_N5
union all
select L_N1 as L_N1, L_N3 as L_N2, L_N4 as L_N3, L_N5 as L_N4, count(*) as CNT from L539_NUMBER group by L_N1, L_N3, L_N4, L_N5
union all
select L_N2 as L_N1, L_N3 as L_N2, L_N4 as L_N3, L_N5 as L_N4, count(*) as CNT from L539_NUMBER group by L_N2, L_N3, L_N4, L_N5
) a group by L_VALUE order by L_COUNT;
</SQLContent>
<SQLName>No5</SQLName>
<SQLContent>
INSERT INTO L539_COUNT
select 5 as L_SELECT, L_N1 || ',' || L_N2 || ',' || L_N3 || ',' || L_N4 || ',' || L_N5 as L_VALUE, sum(CNT) as L_COUNT from
(
select L_N1 as L_N1, L_N2 as L_N2, L_N3 as L_N3, L_N4 as L_N4, L_N5 as L_N5, count(*) as CNT from L539_NUMBER group by L_N1, L_N2, L_N3, L_N4, L_N5
) a group by L_VALUE order by L_COUNT;
</SQLContent>
</L539>